,Product,RAM,Price
0,HP Pentium Quad Core - (8 GB/256 GB SSD/Windows 10 Home) 14s- DQ3018TU Thin and Light Laptop,8 GB DDR4 RAM,"₹31,490"
1,HP 14s Ryzen 3 Quad Core 4300U - (8 GB/512 GB SSD/Windows 10 Home) 14s-fr0016AU Thin and Light Laptop,8 GB DDR4 RAM,"₹39,490"
2,HP 15s Athlon Dual Core - (4 GB/1 TB HDD/Windows 10 Home) 15s-GY0001AU Thin and Light Laptop,4 GB DDR4 RAM,"₹27,499"
3,acer Aspire 7 Ryzen 5 Quad Core 3550H - (8 GB/512 GB SSD/Windows 10 Home/4 GB Graphics/NVIDIA GeForce ...,8 GB DDR4 RAM,"₹49,990"
4,acer Aspire 7 Core i5 9th Gen - (8 GB/512 GB SSD/Windows 10 Home/4 GB Graphics/NVIDIA GeForce GTX 1650...,8 GB DDR4 RAM,"₹53,990"
5,HP 14s Core i3 11th Gen - (8 GB/256 GB SSD/Windows 10 Home) 14s- DY2501TU Thin and Light Laptop,8 GB DDR4 RAM,"₹40,990"
6,HP Pavilion Gaming Ryzen 5 Quad Core 3550H - (8 GB/1 TB HDD/Windows 10 Home/4 GB Graphics/NVIDIA GeFor...,8 GB DDR4 RAM,"₹50,990"
7,HP Ryzen 5 Quad Core - (8 GB/1 TB HDD/Windows 10 Home) 245 G7 Thin and Light Laptop,8 GB DDR4 RAM,"₹39,990"
8,APPLE MacBook Air M1 - (8 GB/256 GB SSD/Mac OS Big Sur) MGN63HN/A,8 GB DDR4 RAM,"₹92,900"
9,Lenovo Ideapad S145 Core i5 10th Gen - (8 GB/1 TB HDD/Windows 10 Home) S145-15IIL Laptop,8 GB DDR4 RAM,"₹42,990"
10,HP 15s Ryzen 3 Dual Core 3250U - (8 GB/1 TB HDD/256 GB SSD/Windows 10 Home) 15s-GR0012AU Laptop,8 GB DDR4 RAM,"₹41,990"
11,Lenovo IdeaPad 3 Ryzen 5 Quad Core 3500U - (8 GB/512 GB SSD/Windows 10 Home) 14ADA05 Laptop,8 GB DDR4 RAM,"₹42,990"
12,HP Pavilion Core i7 11th Gen - (16 GB/1 TB SSD/Windows 10 Home) 14-dv0058TU Thin and Light Laptop,16 GB DDR4 RAM,"₹84,990"
13,Mi Notebook 14 Core i5 10th Gen - (8 GB/512 GB SSD/Windows 10 Home) JYU4299IN Thin and Light Laptop,8 GB DDR4 RAM,"₹46,999"
14,ASUS Ryzen 3 Dual Core - (4 GB/256 GB SSD/Windows 10 Home) M515DA-BQ312TS Thin and Light Laptop,4 GB DDR4 RAM,"₹32,990"
15,acer Aspire 7 Ryzen 5 Quad Core 3550H - (8 GB/512 GB SSD/Windows 10 Home/4 GB Graphics/NVIDIA GeForce ...,8 GB DDR4 RAM,"₹50,990"
16,ASUS VivoBook 14 Ryzen 5 Hexa Core 4500U - (8 GB/512 GB SSD/Windows 10 Home) M413IA-EK582T Thin and Li...,8 GB DDR4 RAM,"₹52,990"
17,HP 15s Dual Core 3020e - (4 GB/1 TB HDD/Windows 10 Home) 15s-GY0003AU Thin and Light Laptop,4 GB DDR4 RAM,"₹25,990"
18,HP Core i3 11th Gen - (8 GB/512 GB SSD/Windows 10 Home) 15s-FR2006TU Thin and Light Laptop,8 GB DDR4 RAM,"₹44,900"
19,APPLE MacBook Air M1 - (8 GB/256 GB SSD/Mac OS Big Sur) MGND3HN/A,8 GB DDR4 RAM,"₹92,900"
20,APPLE MacBook Air M1 - (8 GB/256 GB SSD/Mac OS Big Sur) MGN93HN/A,8 GB DDR4 RAM,"₹92,900"
21,Lenovo Ideapad S145 Ryzen 3 Dual Core 3200U - (4 GB/1 TB HDD/Windows 10 Home) S145-15API Thin and Ligh...,4 GB DDR4 RAM,"₹28,990"
22,ASUS Celeron Dual Core - (4 GB/1 TB HDD/Windows 10 Home) X543MA-GQ1015T Laptop,4 GB DDR4 RAM,"₹23,490"
23,DELL Inspiron Core i5 11th Gen - (8 GB/512 GB SSD/Windows 10 Home) �INSP 5406 2 in 1 2 in 1 Laptop,8 GB DDR4 RAM,"₹68,240"
24,HP Pentium Quad Core - (8 GB/256 GB SSD/Windows 10 Home) 14s- DQ3018TU Thin and Light Laptop,8 GB DDR4 RAM,"₹31,490"
25,HP 14s Ryzen 3 Quad Core 4300U - (8 GB/512 GB SSD/Windows 10 Home) 14s-fr0016AU Thin and Light Laptop,8 GB DDR4 RAM,"₹39,490"
26,HP 15s Athlon Dual Core - (4 GB/1 TB HDD/Windows 10 Home) 15s-GY0001AU Thin and Light Laptop,4 GB DDR4 RAM,"₹27,499"
27,acer Aspire 7 Ryzen 5 Quad Core 3550H - (8 GB/512 GB SSD/Windows 10 Home/4 GB Graphics/NVIDIA GeForce ...,8 GB DDR4 RAM,"₹49,990"
28,acer Aspire 7 Core i5 9th Gen - (8 GB/512 GB SSD/Windows 10 Home/4 GB Graphics/NVIDIA GeForce GTX 1650...,8 GB DDR4 RAM,"₹53,990"
29,HP 14s Core i3 11th Gen - (8 GB/256 GB SSD/Windows 10 Home) 14s- DY2501TU Thin and Light Laptop,8 GB DDR4 RAM,"₹40,990"
30,HP Pavilion Gaming Ryzen 5 Quad Core 3550H - (8 GB/1 TB HDD/Windows 10 Home/4 GB Graphics/NVIDIA GeFor...,8 GB DDR4 RAM,"₹50,990"
31,HP Ryzen 5 Quad Core - (8 GB/1 TB HDD/Windows 10 Home) 245 G7 Thin and Light Laptop,8 GB DDR4 RAM,"₹39,990"
32,APPLE MacBook Air M1 - (8 GB/256 GB SSD/Mac OS Big Sur) MGN63HN/A,8 GB DDR4 RAM,"₹92,900"
33,Lenovo Ideapad S145 Core i5 10th Gen - (8 GB/1 TB HDD/Windows 10 Home) S145-15IIL Laptop,8 GB DDR4 RAM,"₹42,990"
34,HP 15s Ryzen 3 Dual Core 3250U - (8 GB/1 TB HDD/256 GB SSD/Windows 10 Home) 15s-GR0012AU Laptop,8 GB DDR4 RAM,"₹41,990"
35,Lenovo IdeaPad 3 Ryzen 5 Quad Core 3500U - (8 GB/512 GB SSD/Windows 10 Home) 14ADA05 Laptop,8 GB DDR4 RAM,"₹42,990"
36,HP Pavilion Core i7 11th Gen - (16 GB/1 TB SSD/Windows 10 Home) 14-dv0058TU Thin and Light Laptop,16 GB DDR4 RAM,"₹84,990"
37,Mi Notebook 14 Core i5 10th Gen - (8 GB/512 GB SSD/Windows 10 Home) JYU4299IN Thin and Light Laptop,8 GB DDR4 RAM,"₹46,999"
38,ASUS Ryzen 3 Dual Core - (4 GB/256 GB SSD/Windows 10 Home) M515DA-BQ312TS Thin and Light Laptop,4 GB DDR4 RAM,"₹32,990"
39,acer Aspire 7 Ryzen 5 Quad Core 3550H - (8 GB/512 GB SSD/Windows 10 Home/4 GB Graphics/NVIDIA GeForce ...,8 GB DDR4 RAM,"₹50,990"
40,ASUS VivoBook 14 Ryzen 5 Hexa Core 4500U - (8 GB/512 GB SSD/Windows 10 Home) M413IA-EK582T Thin and Li...,8 GB DDR4 RAM,"₹52,990"
41,HP 15s Dual Core 3020e - (4 GB/1 TB HDD/Windows 10 Home) 15s-GY0003AU Thin and Light Laptop,4 GB DDR4 RAM,"₹25,990"
42,HP Core i3 11th Gen - (8 GB/512 GB SSD/Windows 10 Home) 15s-FR2006TU Thin and Light Laptop,8 GB DDR4 RAM,"₹44,900"
43,APPLE MacBook Air M1 - (8 GB/256 GB SSD/Mac OS Big Sur) MGND3HN/A,8 GB DDR4 RAM,"₹92,900"
44,APPLE MacBook Air M1 - (8 GB/256 GB SSD/Mac OS Big Sur) MGN93HN/A,8 GB DDR4 RAM,"₹92,900"
45,Lenovo Ideapad S145 Ryzen 3 Dual Core 3200U - (4 GB/1 TB HDD/Windows 10 Home) S145-15API Thin and Ligh...,4 GB DDR4 RAM,"₹28,990"
46,ASUS Celeron Dual Core - (4 GB/1 TB HDD/Windows 10 Home) X543MA-GQ1015T Laptop,4 GB DDR4 RAM,"₹23,490"
47,DELL Inspiron Core i5 11th Gen - (8 GB/512 GB SSD/Windows 10 Home) �INSP 5406 2 in 1 2 in 1 Laptop,8 GB DDR4 RAM,"₹68,240"
48,HP Pentium Quad Core - (8 GB/256 GB SSD/Windows 10 Home) 14s- DQ3018TU Thin and Light Laptop,8 GB DDR4 RAM,"₹31,490"
49,HP 14s Ryzen 3 Quad Core 4300U - (8 GB/512 GB SSD/Windows 10 Home) 14s-fr0016AU Thin and Light Laptop,8 GB DDR4 RAM,"₹39,490"
50,HP 15s Athlon Dual Core - (4 GB/1 TB HDD/Windows 10 Home) 15s-GY0001AU Thin and Light Laptop,4 GB DDR4 RAM,"₹27,499"
51,acer Aspire 7 Ryzen 5 Quad Core 3550H - (8 GB/512 GB SSD/Windows 10 Home/4 GB Graphics/NVIDIA GeForce ...,8 GB DDR4 RAM,"₹49,990"
52,acer Aspire 7 Core i5 9th Gen - (8 GB/512 GB SSD/Windows 10 Home/4 GB Graphics/NVIDIA GeForce GTX 1650...,8 GB DDR4 RAM,"₹53,990"
53,HP 14s Core i3 11th Gen - (8 GB/256 GB SSD/Windows 10 Home) 14s- DY2501TU Thin and Light Laptop,8 GB DDR4 RAM,"₹40,990"
54,HP Pavilion Gaming Ryzen 5 Quad Core 3550H - (8 GB/1 TB HDD/Windows 10 Home/4 GB Graphics/NVIDIA GeFor...,8 GB DDR4 RAM,"₹50,990"
55,HP Ryzen 5 Quad Core - (8 GB/1 TB HDD/Windows 10 Home) 245 G7 Thin and Light Laptop,8 GB DDR4 RAM,"₹39,990"
56,APPLE MacBook Air M1 - (8 GB/256 GB SSD/Mac OS Big Sur) MGN63HN/A,8 GB DDR4 RAM,"₹92,900"
57,Lenovo Ideapad S145 Core i5 10th Gen - (8 GB/1 TB HDD/Windows 10 Home) S145-15IIL Laptop,8 GB DDR4 RAM,"₹42,990"
58,HP 15s Ryzen 3 Dual Core 3250U - (8 GB/1 TB HDD/256 GB SSD/Windows 10 Home) 15s-GR0012AU Laptop,8 GB DDR4 RAM,"₹41,990"
59,Lenovo IdeaPad 3 Ryzen 5 Quad Core 3500U - (8 GB/512 GB SSD/Windows 10 Home) 14ADA05 Laptop,8 GB DDR4 RAM,"₹42,990"
60,HP Pavilion Core i7 11th Gen - (16 GB/1 TB SSD/Windows 10 Home) 14-dv0058TU Thin and Light Laptop,16 GB DDR4 RAM,"₹84,990"
61,Mi Notebook 14 Core i5 10th Gen - (8 GB/512 GB SSD/Windows 10 Home) JYU4299IN Thin and Light Laptop,8 GB DDR4 RAM,"₹46,999"
62,ASUS Ryzen 3 Dual Core - (4 GB/256 GB SSD/Windows 10 Home) M515DA-BQ312TS Thin and Light Laptop,4 GB DDR4 RAM,"₹32,990"
63,acer Aspire 7 Ryzen 5 Quad Core 3550H - (8 GB/512 GB SSD/Windows 10 Home/4 GB Graphics/NVIDIA GeForce ...,8 GB DDR4 RAM,"₹50,990"
64,ASUS VivoBook 14 Ryzen 5 Hexa Core 4500U - (8 GB/512 GB SSD/Windows 10 Home) M413IA-EK582T Thin and Li...,8 GB DDR4 RAM,"₹52,990"
65,HP 15s Dual Core 3020e - (4 GB/1 TB HDD/Windows 10 Home) 15s-GY0003AU Thin and Light Laptop,4 GB DDR4 RAM,"₹25,990"
66,HP Core i3 11th Gen - (8 GB/512 GB SSD/Windows 10 Home) 15s-FR2006TU Thin and Light Laptop,8 GB DDR4 RAM,"₹44,900"
67,APPLE MacBook Air M1 - (8 GB/256 GB SSD/Mac OS Big Sur) MGND3HN/A,8 GB DDR4 RAM,"₹92,900"
68,APPLE MacBook Air M1 - (8 GB/256 GB SSD/Mac OS Big Sur) MGN93HN/A,8 GB DDR4 RAM,"₹92,900"
69,Lenovo Ideapad S145 Ryzen 3 Dual Core 3200U - (4 GB/1 TB HDD/Windows 10 Home) S145-15API Thin and Ligh...,4 GB DDR4 RAM,"₹28,990"
70,ASUS Celeron Dual Core - (4 GB/1 TB HDD/Windows 10 Home) X543MA-GQ1015T Laptop,4 GB DDR4 RAM,"₹23,490"
71,DELL Inspiron Core i5 11th Gen - (8 GB/512 GB SSD/Windows 10 Home) �INSP 5406 2 in 1 2 in 1 Laptop,8 GB DDR4 RAM,"₹68,240"
72,HP Pentium Quad Core - (8 GB/256 GB SSD/Windows 10 Home) 14s- DQ3018TU Thin and Light Laptop,8 GB DDR4 RAM,"₹31,490"
73,HP 14s Ryzen 3 Quad Core 4300U - (8 GB/512 GB SSD/Windows 10 Home) 14s-fr0016AU Thin and Light Laptop,8 GB DDR4 RAM,"₹39,490"
74,HP 15s Athlon Dual Core - (4 GB/1 TB HDD/Windows 10 Home) 15s-GY0001AU Thin and Light Laptop,4 GB DDR4 RAM,"₹27,499"
75,acer Aspire 7 Ryzen 5 Quad Core 3550H - (8 GB/512 GB SSD/Windows 10 Home/4 GB Graphics/NVIDIA GeForce ...,8 GB DDR4 RAM,"₹49,990"
76,acer Aspire 7 Core i5 9th Gen - (8 GB/512 GB SSD/Windows 10 Home/4 GB Graphics/NVIDIA GeForce GTX 1650...,8 GB DDR4 RAM,"₹53,990"
77,HP 14s Core i3 11th Gen - (8 GB/256 GB SSD/Windows 10 Home) 14s- DY2501TU Thin and Light Laptop,8 GB DDR4 RAM,"₹40,990"
78,HP Pavilion Gaming Ryzen 5 Quad Core 3550H - (8 GB/1 TB HDD/Windows 10 Home/4 GB Graphics/NVIDIA GeFor...,8 GB DDR4 RAM,"₹50,990"
79,HP Ryzen 5 Quad Core - (8 GB/1 TB HDD/Windows 10 Home) 245 G7 Thin and Light Laptop,8 GB DDR4 RAM,"₹39,990"
80,APPLE MacBook Air M1 - (8 GB/256 GB SSD/Mac OS Big Sur) MGN63HN/A,8 GB DDR4 RAM,"₹92,900"
81,Lenovo Ideapad S145 Core i5 10th Gen - (8 GB/1 TB HDD/Windows 10 Home) S145-15IIL Laptop,8 GB DDR4 RAM,"₹42,990"
82,HP 15s Ryzen 3 Dual Core 3250U - (8 GB/1 TB HDD/256 GB SSD/Windows 10 Home) 15s-GR0012AU Laptop,8 GB DDR4 RAM,"₹41,990"
83,Lenovo IdeaPad 3 Ryzen 5 Quad Core 3500U - (8 GB/512 GB SSD/Windows 10 Home) 14ADA05 Laptop,8 GB DDR4 RAM,"₹42,990"
84,HP Pavilion Core i7 11th Gen - (16 GB/1 TB SSD/Windows 10 Home) 14-dv0058TU Thin and Light Laptop,16 GB DDR4 RAM,"₹84,990"
85,Mi Notebook 14 Core i5 10th Gen - (8 GB/512 GB SSD/Windows 10 Home) JYU4299IN Thin and Light Laptop,8 GB DDR4 RAM,"₹46,999"
86,ASUS Ryzen 3 Dual Core - (4 GB/256 GB SSD/Windows 10 Home) M515DA-BQ312TS Thin and Light Laptop,4 GB DDR4 RAM,"₹32,990"
87,acer Aspire 7 Ryzen 5 Quad Core 3550H - (8 GB/512 GB SSD/Windows 10 Home/4 GB Graphics/NVIDIA GeForce ...,8 GB DDR4 RAM,"₹50,990"
88,ASUS VivoBook 14 Ryzen 5 Hexa Core 4500U - (8 GB/512 GB SSD/Windows 10 Home) M413IA-EK582T Thin and Li...,8 GB DDR4 RAM,"₹52,990"
89,HP 15s Dual Core 3020e - (4 GB/1 TB HDD/Windows 10 Home) 15s-GY0003AU Thin and Light Laptop,4 GB DDR4 RAM,"₹25,990"
90,HP Core i3 11th Gen - (8 GB/512 GB SSD/Windows 10 Home) 15s-FR2006TU Thin and Light Laptop,8 GB DDR4 RAM,"₹44,900"
91,APPLE MacBook Air M1 - (8 GB/256 GB SSD/Mac OS Big Sur) MGND3HN/A,8 GB DDR4 RAM,"₹92,900"
92,APPLE MacBook Air M1 - (8 GB/256 GB SSD/Mac OS Big Sur) MGN93HN/A,8 GB DDR4 RAM,"₹92,900"
93,Lenovo Ideapad S145 Ryzen 3 Dual Core 3200U - (4 GB/1 TB HDD/Windows 10 Home) S145-15API Thin and Ligh...,4 GB DDR4 RAM,"₹28,990"
94,ASUS Celeron Dual Core - (4 GB/1 TB HDD/Windows 10 Home) X543MA-GQ1015T Laptop,4 GB DDR4 RAM,"₹23,490"
95,DELL Inspiron Core i5 11th Gen - (8 GB/512 GB SSD/Windows 10 Home) �INSP 5406 2 in 1 2 in 1 Laptop,8 GB DDR4 RAM,"₹68,240"
96,HP Pentium Quad Core - (8 GB/256 GB SSD/Windows 10 Home) 14s- DQ3018TU Thin and Light Laptop,8 GB DDR4 RAM,"₹31,490"
97,HP 14s Ryzen 3 Quad Core 4300U - (8 GB/512 GB SSD/Windows 10 Home) 14s-fr0016AU Thin and Light Laptop,8 GB DDR4 RAM,"₹39,490"
98,HP 15s Athlon Dual Core - (4 GB/1 TB HDD/Windows 10 Home) 15s-GY0001AU Thin and Light Laptop,4 GB DDR4 RAM,"₹27,499"
99,acer Aspire 7 Ryzen 5 Quad Core 3550H - (8 GB/512 GB SSD/Windows 10 Home/4 GB Graphics/NVIDIA GeForce ...,8 GB DDR4 RAM,"₹49,990"
100,acer Aspire 7 Core i5 9th Gen - (8 GB/512 GB SSD/Windows 10 Home/4 GB Graphics/NVIDIA GeForce GTX 1650...,8 GB DDR4 RAM,"₹53,990"
101,HP 14s Core i3 11th Gen - (8 GB/256 GB SSD/Windows 10 Home) 14s- DY2501TU Thin and Light Laptop,8 GB DDR4 RAM,"₹40,990"
102,HP Pavilion Gaming Ryzen 5 Quad Core 3550H - (8 GB/1 TB HDD/Windows 10 Home/4 GB Graphics/NVIDIA GeFor...,8 GB DDR4 RAM,"₹50,990"
103,HP Ryzen 5 Quad Core - (8 GB/1 TB HDD/Windows 10 Home) 245 G7 Thin and Light Laptop,8 GB DDR4 RAM,"₹39,990"
104,APPLE MacBook Air M1 - (8 GB/256 GB SSD/Mac OS Big Sur) MGN63HN/A,8 GB DDR4 RAM,"₹92,900"
105,Lenovo Ideapad S145 Core i5 10th Gen - (8 GB/1 TB HDD/Windows 10 Home) S145-15IIL Laptop,8 GB DDR4 RAM,"₹42,990"
106,HP 15s Ryzen 3 Dual Core 3250U - (8 GB/1 TB HDD/256 GB SSD/Windows 10 Home) 15s-GR0012AU Laptop,8 GB DDR4 RAM,"₹41,990"
107,Lenovo IdeaPad 3 Ryzen 5 Quad Core 3500U - (8 GB/512 GB SSD/Windows 10 Home) 14ADA05 Laptop,8 GB DDR4 RAM,"₹42,990"
108,HP Pavilion Core i7 11th Gen - (16 GB/1 TB SSD/Windows 10 Home) 14-dv0058TU Thin and Light Laptop,16 GB DDR4 RAM,"₹84,990"
109,Mi Notebook 14 Core i5 10th Gen - (8 GB/512 GB SSD/Windows 10 Home) JYU4299IN Thin and Light Laptop,8 GB DDR4 RAM,"₹46,999"
110,ASUS Ryzen 3 Dual Core - (4 GB/256 GB SSD/Windows 10 Home) M515DA-BQ312TS Thin and Light Laptop,4 GB DDR4 RAM,"₹32,990"
111,acer Aspire 7 Ryzen 5 Quad Core 3550H - (8 GB/512 GB SSD/Windows 10 Home/4 GB Graphics/NVIDIA GeForce ...,8 GB DDR4 RAM,"₹50,990"
112,ASUS VivoBook 14 Ryzen 5 Hexa Core 4500U - (8 GB/512 GB SSD/Windows 10 Home) M413IA-EK582T Thin and Li...,8 GB DDR4 RAM,"₹52,990"
113,HP 15s Dual Core 3020e - (4 GB/1 TB HDD/Windows 10 Home) 15s-GY0003AU Thin and Light Laptop,4 GB DDR4 RAM,"₹25,990"
114,HP Core i3 11th Gen - (8 GB/512 GB SSD/Windows 10 Home) 15s-FR2006TU Thin and Light Laptop,8 GB DDR4 RAM,"₹44,900"
115,APPLE MacBook Air M1 - (8 GB/256 GB SSD/Mac OS Big Sur) MGND3HN/A,8 GB DDR4 RAM,"₹92,900"
116,APPLE MacBook Air M1 - (8 GB/256 GB SSD/Mac OS Big Sur) MGN93HN/A,8 GB DDR4 RAM,"₹92,900"
117,Lenovo Ideapad S145 Ryzen 3 Dual Core 3200U - (4 GB/1 TB HDD/Windows 10 Home) S145-15API Thin and Ligh...,4 GB DDR4 RAM,"₹28,990"
118,ASUS Celeron Dual Core - (4 GB/1 TB HDD/Windows 10 Home) X543MA-GQ1015T Laptop,4 GB DDR4 RAM,"₹23,490"
119,DELL Inspiron Core i5 11th Gen - (8 GB/512 GB SSD/Windows 10 Home) �INSP 5406 2 in 1 2 in 1 Laptop,8 GB DDR4 RAM,"₹68,240"
120,HP Pentium Quad Core - (8 GB/256 GB SSD/Windows 10 Home) 14s- DQ3018TU Thin and Light Laptop,8 GB DDR4 RAM,"₹31,490"
121,HP 14s Ryzen 3 Quad Core 4300U - (8 GB/512 GB SSD/Windows 10 Home) 14s-fr0016AU Thin and Light Laptop,8 GB DDR4 RAM,"₹39,490"
122,HP 15s Athlon Dual Core - (4 GB/1 TB HDD/Windows 10 Home) 15s-GY0001AU Thin and Light Laptop,4 GB DDR4 RAM,"₹27,499"
123,acer Aspire 7 Ryzen 5 Quad Core 3550H - (8 GB/512 GB SSD/Windows 10 Home/4 GB Graphics/NVIDIA GeForce ...,8 GB DDR4 RAM,"₹49,990"
124,acer Aspire 7 Core i5 9th Gen - (8 GB/512 GB SSD/Windows 10 Home/4 GB Graphics/NVIDIA GeForce GTX 1650...,8 GB DDR4 RAM,"₹53,990"
125,HP 14s Core i3 11th Gen - (8 GB/256 GB SSD/Windows 10 Home) 14s- DY2501TU Thin and Light Laptop,8 GB DDR4 RAM,"₹40,990"
126,HP Pavilion Gaming Ryzen 5 Quad Core 3550H - (8 GB/1 TB HDD/Windows 10 Home/4 GB Graphics/NVIDIA GeFor...,8 GB DDR4 RAM,"₹50,990"
127,HP Ryzen 5 Quad Core - (8 GB/1 TB HDD/Windows 10 Home) 245 G7 Thin and Light Laptop,8 GB DDR4 RAM,"₹39,990"
128,APPLE MacBook Air M1 - (8 GB/256 GB SSD/Mac OS Big Sur) MGN63HN/A,8 GB DDR4 RAM,"₹92,900"
129,Lenovo Ideapad S145 Core i5 10th Gen - (8 GB/1 TB HDD/Windows 10 Home) S145-15IIL Laptop,8 GB DDR4 RAM,"₹42,990"
130,HP 15s Ryzen 3 Dual Core 3250U - (8 GB/1 TB HDD/256 GB SSD/Windows 10 Home) 15s-GR0012AU Laptop,8 GB DDR4 RAM,"₹41,990"
131,Lenovo IdeaPad 3 Ryzen 5 Quad Core 3500U - (8 GB/512 GB SSD/Windows 10 Home) 14ADA05 Laptop,8 GB DDR4 RAM,"₹42,990"
132,HP Pavilion Core i7 11th Gen - (16 GB/1 TB SSD/Windows 10 Home) 14-dv0058TU Thin and Light Laptop,16 GB DDR4 RAM,"₹84,990"
133,Mi Notebook 14 Core i5 10th Gen - (8 GB/512 GB SSD/Windows 10 Home) JYU4299IN Thin and Light Laptop,8 GB DDR4 RAM,"₹46,999"
134,ASUS Ryzen 3 Dual Core - (4 GB/256 GB SSD/Windows 10 Home) M515DA-BQ312TS Thin and Light Laptop,4 GB DDR4 RAM,"₹32,990"
135,acer Aspire 7 Ryzen 5 Quad Core 3550H - (8 GB/512 GB SSD/Windows 10 Home/4 GB Graphics/NVIDIA GeForce ...,8 GB DDR4 RAM,"₹50,990"
136,ASUS VivoBook 14 Ryzen 5 Hexa Core 4500U - (8 GB/512 GB SSD/Windows 10 Home) M413IA-EK582T Thin and Li...,8 GB DDR4 RAM,"₹52,990"
137,HP 15s Dual Core 3020e - (4 GB/1 TB HDD/Windows 10 Home) 15s-GY0003AU Thin and Light Laptop,4 GB DDR4 RAM,"₹25,990"
138,HP Core i3 11th Gen - (8 GB/512 GB SSD/Windows 10 Home) 15s-FR2006TU Thin and Light Laptop,8 GB DDR4 RAM,"₹44,900"
139,APPLE MacBook Air M1 - (8 GB/256 GB SSD/Mac OS Big Sur) MGND3HN/A,8 GB DDR4 RAM,"₹92,900"
140,APPLE MacBook Air M1 - (8 GB/256 GB SSD/Mac OS Big Sur) MGN93HN/A,8 GB DDR4 RAM,"₹92,900"
141,Lenovo Ideapad S145 Ryzen 3 Dual Core 3200U - (4 GB/1 TB HDD/Windows 10 Home) S145-15API Thin and Ligh...,4 GB DDR4 RAM,"₹28,990"
142,ASUS Celeron Dual Core - (4 GB/1 TB HDD/Windows 10 Home) X543MA-GQ1015T Laptop,4 GB DDR4 RAM,"₹23,490"
143,DELL Inspiron Core i5 11th Gen - (8 GB/512 GB SSD/Windows 10 Home) �INSP 5406 2 in 1 2 in 1 Laptop,8 GB DDR4 RAM,"₹68,240"
144,HP Pentium Quad Core - (8 GB/256 GB SSD/Windows 10 Home) 14s- DQ3018TU Thin and Light Laptop,8 GB DDR4 RAM,"₹31,490"
145,HP 14s Ryzen 3 Quad Core 4300U - (8 GB/512 GB SSD/Windows 10 Home) 14s-fr0016AU Thin and Light Laptop,8 GB DDR4 RAM,"₹39,490"
146,HP 15s Athlon Dual Core - (4 GB/1 TB HDD/Windows 10 Home) 15s-GY0001AU Thin and Light Laptop,4 GB DDR4 RAM,"₹27,499"
147,acer Aspire 7 Ryzen 5 Quad Core 3550H - (8 GB/512 GB SSD/Windows 10 Home/4 GB Graphics/NVIDIA GeForce ...,8 GB DDR4 RAM,"₹49,990"
148,acer Aspire 7 Core i5 9th Gen - (8 GB/512 GB SSD/Windows 10 Home/4 GB Graphics/NVIDIA GeForce GTX 1650...,8 GB DDR4 RAM,"₹53,990"
149,HP 14s Core i3 11th Gen - (8 GB/256 GB SSD/Windows 10 Home) 14s- DY2501TU Thin and Light Laptop,8 GB DDR4 RAM,"₹40,990"
150,HP Pavilion Gaming Ryzen 5 Quad Core 3550H - (8 GB/1 TB HDD/Windows 10 Home/4 GB Graphics/NVIDIA GeFor...,8 GB DDR4 RAM,"₹50,990"
151,HP Ryzen 5 Quad Core - (8 GB/1 TB HDD/Windows 10 Home) 245 G7 Thin and Light Laptop,8 GB DDR4 RAM,"₹39,990"
152,APPLE MacBook Air M1 - (8 GB/256 GB SSD/Mac OS Big Sur) MGN63HN/A,8 GB DDR4 RAM,"₹92,900"
153,Lenovo Ideapad S145 Core i5 10th Gen - (8 GB/1 TB HDD/Windows 10 Home) S145-15IIL Laptop,8 GB DDR4 RAM,"₹42,990"
154,HP 15s Ryzen 3 Dual Core 3250U - (8 GB/1 TB HDD/256 GB SSD/Windows 10 Home) 15s-GR0012AU Laptop,8 GB DDR4 RAM,"₹41,990"
155,Lenovo IdeaPad 3 Ryzen 5 Quad Core 3500U - (8 GB/512 GB SSD/Windows 10 Home) 14ADA05 Laptop,8 GB DDR4 RAM,"₹42,990"
156,HP Pavilion Core i7 11th Gen - (16 GB/1 TB SSD/Windows 10 Home) 14-dv0058TU Thin and Light Laptop,16 GB DDR4 RAM,"₹84,990"
157,Mi Notebook 14 Core i5 10th Gen - (8 GB/512 GB SSD/Windows 10 Home) JYU4299IN Thin and Light Laptop,8 GB DDR4 RAM,"₹46,999"
158,ASUS Ryzen 3 Dual Core - (4 GB/256 GB SSD/Windows 10 Home) M515DA-BQ312TS Thin and Light Laptop,4 GB DDR4 RAM,"₹32,990"
159,acer Aspire 7 Ryzen 5 Quad Core 3550H - (8 GB/512 GB SSD/Windows 10 Home/4 GB Graphics/NVIDIA GeForce ...,8 GB DDR4 RAM,"₹50,990"
160,ASUS VivoBook 14 Ryzen 5 Hexa Core 4500U - (8 GB/512 GB SSD/Windows 10 Home) M413IA-EK582T Thin and Li...,8 GB DDR4 RAM,"₹52,990"
161,HP 15s Dual Core 3020e - (4 GB/1 TB HDD/Windows 10 Home) 15s-GY0003AU Thin and Light Laptop,4 GB DDR4 RAM,"₹25,990"
162,HP Core i3 11th Gen - (8 GB/512 GB SSD/Windows 10 Home) 15s-FR2006TU Thin and Light Laptop,8 GB DDR4 RAM,"₹44,900"
163,APPLE MacBook Air M1 - (8 GB/256 GB SSD/Mac OS Big Sur) MGND3HN/A,8 GB DDR4 RAM,"₹92,900"
164,APPLE MacBook Air M1 - (8 GB/256 GB SSD/Mac OS Big Sur) MGN93HN/A,8 GB DDR4 RAM,"₹92,900"
165,Lenovo Ideapad S145 Ryzen 3 Dual Core 3200U - (4 GB/1 TB HDD/Windows 10 Home) S145-15API Thin and Ligh...,4 GB DDR4 RAM,"₹28,990"
166,ASUS Celeron Dual Core - (4 GB/1 TB HDD/Windows 10 Home) X543MA-GQ1015T Laptop,4 GB DDR4 RAM,"₹23,490"
167,DELL Inspiron Core i5 11th Gen - (8 GB/512 GB SSD/Windows 10 Home) �INSP 5406 2 in 1 2 in 1 Laptop,8 GB DDR4 RAM,"₹68,240"
168,HP Pentium Quad Core - (8 GB/256 GB SSD/Windows 10 Home) 14s- DQ3018TU Thin and Light Laptop,8 GB DDR4 RAM,"₹31,490"
169,HP 14s Ryzen 3 Quad Core 4300U - (8 GB/512 GB SSD/Windows 10 Home) 14s-fr0016AU Thin and Light Laptop,8 GB DDR4 RAM,"₹39,490"
170,HP 15s Athlon Dual Core - (4 GB/1 TB HDD/Windows 10 Home) 15s-GY0001AU Thin and Light Laptop,4 GB DDR4 RAM,"₹27,499"
171,acer Aspire 7 Ryzen 5 Quad Core 3550H - (8 GB/512 GB SSD/Windows 10 Home/4 GB Graphics/NVIDIA GeForce ...,8 GB DDR4 RAM,"₹49,990"
172,acer Aspire 7 Core i5 9th Gen - (8 GB/512 GB SSD/Windows 10 Home/4 GB Graphics/NVIDIA GeForce GTX 1650...,8 GB DDR4 RAM,"₹53,990"
173,HP 14s Core i3 11th Gen - (8 GB/256 GB SSD/Windows 10 Home) 14s- DY2501TU Thin and Light Laptop,8 GB DDR4 RAM,"₹40,990"
174,HP Pavilion Gaming Ryzen 5 Quad Core 3550H - (8 GB/1 TB HDD/Windows 10 Home/4 GB Graphics/NVIDIA GeFor...,8 GB DDR4 RAM,"₹50,990"
175,HP Ryzen 5 Quad Core - (8 GB/1 TB HDD/Windows 10 Home) 245 G7 Thin and Light Laptop,8 GB DDR4 RAM,"₹39,990"
176,APPLE MacBook Air M1 - (8 GB/256 GB SSD/Mac OS Big Sur) MGN63HN/A,8 GB DDR4 RAM,"₹92,900"
177,Lenovo Ideapad S145 Core i5 10th Gen - (8 GB/1 TB HDD/Windows 10 Home) S145-15IIL Laptop,8 GB DDR4 RAM,"₹42,990"
178,HP 15s Ryzen 3 Dual Core 3250U - (8 GB/1 TB HDD/256 GB SSD/Windows 10 Home) 15s-GR0012AU Laptop,8 GB DDR4 RAM,"₹41,990"
179,Lenovo IdeaPad 3 Ryzen 5 Quad Core 3500U - (8 GB/512 GB SSD/Windows 10 Home) 14ADA05 Laptop,8 GB DDR4 RAM,"₹42,990"
180,HP Pavilion Core i7 11th Gen - (16 GB/1 TB SSD/Windows 10 Home) 14-dv0058TU Thin and Light Laptop,16 GB DDR4 RAM,"₹84,990"
181,Mi Notebook 14 Core i5 10th Gen - (8 GB/512 GB SSD/Windows 10 Home) JYU4299IN Thin and Light Laptop,8 GB DDR4 RAM,"₹46,999"
182,ASUS Ryzen 3 Dual Core - (4 GB/256 GB SSD/Windows 10 Home) M515DA-BQ312TS Thin and Light Laptop,4 GB DDR4 RAM,"₹32,990"
183,acer Aspire 7 Ryzen 5 Quad Core 3550H - (8 GB/512 GB SSD/Windows 10 Home/4 GB Graphics/NVIDIA GeForce ...,8 GB DDR4 RAM,"₹50,990"
184,ASUS VivoBook 14 Ryzen 5 Hexa Core 4500U - (8 GB/512 GB SSD/Windows 10 Home) M413IA-EK582T Thin and Li...,8 GB DDR4 RAM,"₹52,990"
185,HP 15s Dual Core 3020e - (4 GB/1 TB HDD/Windows 10 Home) 15s-GY0003AU Thin and Light Laptop,4 GB DDR4 RAM,"₹25,990"
186,HP Core i3 11th Gen - (8 GB/512 GB SSD/Windows 10 Home) 15s-FR2006TU Thin and Light Laptop,8 GB DDR4 RAM,"₹44,900"
187,APPLE MacBook Air M1 - (8 GB/256 GB SSD/Mac OS Big Sur) MGND3HN/A,8 GB DDR4 RAM,"₹92,900"
188,APPLE MacBook Air M1 - (8 GB/256 GB SSD/Mac OS Big Sur) MGN93HN/A,8 GB DDR4 RAM,"₹92,900"
189,Lenovo Ideapad S145 Ryzen 3 Dual Core 3200U - (4 GB/1 TB HDD/Windows 10 Home) S145-15API Thin and Ligh...,4 GB DDR4 RAM,"₹28,990"
190,ASUS Celeron Dual Core - (4 GB/1 TB HDD/Windows 10 Home) X543MA-GQ1015T Laptop,4 GB DDR4 RAM,"₹23,490"
191,DELL Inspiron Core i5 11th Gen - (8 GB/512 GB SSD/Windows 10 Home) �INSP 5406 2 in 1 2 in 1 Laptop,8 GB DDR4 RAM,"₹68,240"
192,HP Pentium Quad Core - (8 GB/256 GB SSD/Windows 10 Home) 14s- DQ3018TU Thin and Light Laptop,8 GB DDR4 RAM,"₹31,490"
193,HP 14s Ryzen 3 Quad Core 4300U - (8 GB/512 GB SSD/Windows 10 Home) 14s-fr0016AU Thin and Light Laptop,8 GB DDR4 RAM,"₹39,490"
194,HP 15s Athlon Dual Core - (4 GB/1 TB HDD/Windows 10 Home) 15s-GY0001AU Thin and Light Laptop,4 GB DDR4 RAM,"₹27,499"
195,acer Aspire 7 Ryzen 5 Quad Core 3550H - (8 GB/512 GB SSD/Windows 10 Home/4 GB Graphics/NVIDIA GeForce ...,8 GB DDR4 RAM,"₹49,990"
196,acer Aspire 7 Core i5 9th Gen - (8 GB/512 GB SSD/Windows 10 Home/4 GB Graphics/NVIDIA GeForce GTX 1650...,8 GB DDR4 RAM,"₹53,990"
197,HP 14s Core i3 11th Gen - (8 GB/256 GB SSD/Windows 10 Home) 14s- DY2501TU Thin and Light Laptop,8 GB DDR4 RAM,"₹40,990"
198,HP Pavilion Gaming Ryzen 5 Quad Core 3550H - (8 GB/1 TB HDD/Windows 10 Home/4 GB Graphics/NVIDIA GeFor...,8 GB DDR4 RAM,"₹50,990"
199,HP Ryzen 5 Quad Core - (8 GB/1 TB HDD/Windows 10 Home) 245 G7 Thin and Light Laptop,8 GB DDR4 RAM,"₹39,990"
200,APPLE MacBook Air M1 - (8 GB/256 GB SSD/Mac OS Big Sur) MGN63HN/A,8 GB DDR4 RAM,"₹92,900"
201,Lenovo Ideapad S145 Core i5 10th Gen - (8 GB/1 TB HDD/Windows 10 Home) S145-15IIL Laptop,8 GB DDR4 RAM,"₹42,990"
202,HP 15s Ryzen 3 Dual Core 3250U - (8 GB/1 TB HDD/256 GB SSD/Windows 10 Home) 15s-GR0012AU Laptop,8 GB DDR4 RAM,"₹41,990"
203,Lenovo IdeaPad 3 Ryzen 5 Quad Core 3500U - (8 GB/512 GB SSD/Windows 10 Home) 14ADA05 Laptop,8 GB DDR4 RAM,"₹42,990"
204,HP Pavilion Core i7 11th Gen - (16 GB/1 TB SSD/Windows 10 Home) 14-dv0058TU Thin and Light Laptop,16 GB DDR4 RAM,"₹84,990"
205,Mi Notebook 14 Core i5 10th Gen - (8 GB/512 GB SSD/Windows 10 Home) JYU4299IN Thin and Light Laptop,8 GB DDR4 RAM,"₹46,999"
206,ASUS Ryzen 3 Dual Core - (4 GB/256 GB SSD/Windows 10 Home) M515DA-BQ312TS Thin and Light Laptop,4 GB DDR4 RAM,"₹32,990"
207,acer Aspire 7 Ryzen 5 Quad Core 3550H - (8 GB/512 GB SSD/Windows 10 Home/4 GB Graphics/NVIDIA GeForce ...,8 GB DDR4 RAM,"₹50,990"
208,ASUS VivoBook 14 Ryzen 5 Hexa Core 4500U - (8 GB/512 GB SSD/Windows 10 Home) M413IA-EK582T Thin and Li...,8 GB DDR4 RAM,"₹52,990"
209,HP 15s Dual Core 3020e - (4 GB/1 TB HDD/Windows 10 Home) 15s-GY0003AU Thin and Light Laptop,4 GB DDR4 RAM,"₹25,990"
210,HP Core i3 11th Gen - (8 GB/512 GB SSD/Windows 10 Home) 15s-FR2006TU Thin and Light Laptop,8 GB DDR4 RAM,"₹44,900"
211,APPLE MacBook Air M1 - (8 GB/256 GB SSD/Mac OS Big Sur) MGND3HN/A,8 GB DDR4 RAM,"₹92,900"
212,APPLE MacBook Air M1 - (8 GB/256 GB SSD/Mac OS Big Sur) MGN93HN/A,8 GB DDR4 RAM,"₹92,900"
213,Lenovo Ideapad S145 Ryzen 3 Dual Core 3200U - (4 GB/1 TB HDD/Windows 10 Home) S145-15API Thin and Ligh...,4 GB DDR4 RAM,"₹28,990"
214,ASUS Celeron Dual Core - (4 GB/1 TB HDD/Windows 10 Home) X543MA-GQ1015T Laptop,4 GB DDR4 RAM,"₹23,490"
215,DELL Inspiron Core i5 11th Gen - (8 GB/512 GB SSD/Windows 10 Home) �INSP 5406 2 in 1 2 in 1 Laptop,8 GB DDR4 RAM,"₹68,240"
216,HP Pentium Quad Core - (8 GB/256 GB SSD/Windows 10 Home) 14s- DQ3018TU Thin and Light Laptop,8 GB DDR4 RAM,"₹31,490"
217,HP 14s Ryzen 3 Quad Core 4300U - (8 GB/512 GB SSD/Windows 10 Home) 14s-fr0016AU Thin and Light Laptop,8 GB DDR4 RAM,"₹39,490"
218,HP 15s Athlon Dual Core - (4 GB/1 TB HDD/Windows 10 Home) 15s-GY0001AU Thin and Light Laptop,4 GB DDR4 RAM,"₹27,499"
219,acer Aspire 7 Ryzen 5 Quad Core 3550H - (8 GB/512 GB SSD/Windows 10 Home/4 GB Graphics/NVIDIA GeForce ...,8 GB DDR4 RAM,"₹49,990"
220,acer Aspire 7 Core i5 9th Gen - (8 GB/512 GB SSD/Windows 10 Home/4 GB Graphics/NVIDIA GeForce GTX 1650...,8 GB DDR4 RAM,"₹53,990"
221,HP 14s Core i3 11th Gen - (8 GB/256 GB SSD/Windows 10 Home) 14s- DY2501TU Thin and Light Laptop,8 GB DDR4 RAM,"₹40,990"
222,HP Pavilion Gaming Ryzen 5 Quad Core 3550H - (8 GB/1 TB HDD/Windows 10 Home/4 GB Graphics/NVIDIA GeFor...,8 GB DDR4 RAM,"₹50,990"
223,HP Ryzen 5 Quad Core - (8 GB/1 TB HDD/Windows 10 Home) 245 G7 Thin and Light Laptop,8 GB DDR4 RAM,"₹39,990"
224,APPLE MacBook Air M1 - (8 GB/256 GB SSD/Mac OS Big Sur) MGN63HN/A,8 GB DDR4 RAM,"₹92,900"
225,Lenovo Ideapad S145 Core i5 10th Gen - (8 GB/1 TB HDD/Windows 10 Home) S145-15IIL Laptop,8 GB DDR4 RAM,"₹42,990"
226,HP 15s Ryzen 3 Dual Core 3250U - (8 GB/1 TB HDD/256 GB SSD/Windows 10 Home) 15s-GR0012AU Laptop,8 GB DDR4 RAM,"₹41,990"
227,Lenovo IdeaPad 3 Ryzen 5 Quad Core 3500U - (8 GB/512 GB SSD/Windows 10 Home) 14ADA05 Laptop,8 GB DDR4 RAM,"₹42,990"
228,HP Pavilion Core i7 11th Gen - (16 GB/1 TB SSD/Windows 10 Home) 14-dv0058TU Thin and Light Laptop,16 GB DDR4 RAM,"₹84,990"
229,Mi Notebook 14 Core i5 10th Gen - (8 GB/512 GB SSD/Windows 10 Home) JYU4299IN Thin and Light Laptop,8 GB DDR4 RAM,"₹46,999"
230,ASUS Ryzen 3 Dual Core - (4 GB/256 GB SSD/Windows 10 Home) M515DA-BQ312TS Thin and Light Laptop,4 GB DDR4 RAM,"₹32,990"
231,acer Aspire 7 Ryzen 5 Quad Core 3550H - (8 GB/512 GB SSD/Windows 10 Home/4 GB Graphics/NVIDIA GeForce ...,8 GB DDR4 RAM,"₹50,990"
232,ASUS VivoBook 14 Ryzen 5 Hexa Core 4500U - (8 GB/512 GB SSD/Windows 10 Home) M413IA-EK582T Thin and Li...,8 GB DDR4 RAM,"₹52,990"
233,HP 15s Dual Core 3020e - (4 GB/1 TB HDD/Windows 10 Home) 15s-GY0003AU Thin and Light Laptop,4 GB DDR4 RAM,"₹25,990"
234,HP Core i3 11th Gen - (8 GB/512 GB SSD/Windows 10 Home) 15s-FR2006TU Thin and Light Laptop,8 GB DDR4 RAM,"₹44,900"
235,APPLE MacBook Air M1 - (8 GB/256 GB SSD/Mac OS Big Sur) MGND3HN/A,8 GB DDR4 RAM,"₹92,900"
236,APPLE MacBook Air M1 - (8 GB/256 GB SSD/Mac OS Big Sur) MGN93HN/A,8 GB DDR4 RAM,"₹92,900"
237,Lenovo Ideapad S145 Ryzen 3 Dual Core 3200U - (4 GB/1 TB HDD/Windows 10 Home) S145-15API Thin and Ligh...,4 GB DDR4 RAM,"₹28,990"
238,ASUS Celeron Dual Core - (4 GB/1 TB HDD/Windows 10 Home) X543MA-GQ1015T Laptop,4 GB DDR4 RAM,"₹23,490"
239,DELL Inspiron Core i5 11th Gen - (8 GB/512 GB SSD/Windows 10 Home) �INSP 5406 2 in 1 2 in 1 Laptop,8 GB DDR4 RAM,"₹68,240"
240,HP Pentium Quad Core - (8 GB/256 GB SSD/Windows 10 Home) 14s- DQ3018TU Thin and Light Laptop,8 GB DDR4 RAM,"₹31,490"
241,HP 14s Ryzen 3 Quad Core 4300U - (8 GB/512 GB SSD/Windows 10 Home) 14s-fr0016AU Thin and Light Laptop,8 GB DDR4 RAM,"₹39,490"
242,HP 15s Athlon Dual Core - (4 GB/1 TB HDD/Windows 10 Home) 15s-GY0001AU Thin and Light Laptop,4 GB DDR4 RAM,"₹27,499"
243,acer Aspire 7 Ryzen 5 Quad Core 3550H - (8 GB/512 GB SSD/Windows 10 Home/4 GB Graphics/NVIDIA GeForce ...,8 GB DDR4 RAM,"₹49,990"
244,acer Aspire 7 Core i5 9th Gen - (8 GB/512 GB SSD/Windows 10 Home/4 GB Graphics/NVIDIA GeForce GTX 1650...,8 GB DDR4 RAM,"₹53,990"
245,HP 14s Core i3 11th Gen - (8 GB/256 GB SSD/Windows 10 Home) 14s- DY2501TU Thin and Light Laptop,8 GB DDR4 RAM,"₹40,990"
246,HP Pavilion Gaming Ryzen 5 Quad Core 3550H - (8 GB/1 TB HDD/Windows 10 Home/4 GB Graphics/NVIDIA GeFor...,8 GB DDR4 RAM,"₹50,990"
247,Lenovo Ideapad S145 Core i5 10th Gen - (8 GB/1 TB HDD/Windows 10 Home) S145-15IIL Laptop,8 GB DDR4 RAM,"₹42,990"
248,HP Ryzen 5 Quad Core - (8 GB/1 TB HDD/Windows 10 Home) 245 G7 Thin and Light Laptop,8 GB DDR4 RAM,"₹39,990"
249,APPLE MacBook Air M1 - (8 GB/256 GB SSD/Mac OS Big Sur) MGN63HN/A,8 GB DDR4 RAM,"₹92,900"
250,ASUS Pentium Quad Core - (4 GB/1 TB HDD/Windows 10 Home) X543MA-GQ1020T Laptop,4 GB DDR4 RAM,"₹24,990"
251,HP 15s Ryzen 3 Dual Core 3250U - (8 GB/1 TB HDD/256 GB SSD/Windows 10 Home) 15s-GR0012AU Laptop,8 GB DDR4 RAM,"₹41,990"
252,HP Pavilion Core i7 11th Gen - (16 GB/1 TB SSD/Windows 10 Home) 14-dv0058TU Thin and Light Laptop,16 GB DDR4 RAM,"₹84,990"
253,Mi Notebook 14 Core i5 10th Gen - (8 GB/512 GB SSD/Windows 10 Home) JYU4299IN Thin and Light Laptop,8 GB DDR4 RAM,"₹46,999"
254,Lenovo IdeaPad 3 Ryzen 5 Quad Core 3500U - (8 GB/512 GB SSD/Windows 10 Home) 14ADA05 Laptop,8 GB DDR4 RAM,"₹42,990"
255,ASUS Ryzen 3 Dual Core - (4 GB/256 GB SSD/Windows 10 Home) M515DA-BQ312TS Thin and Light Laptop,4 GB DDR4 RAM,"₹32,990"
256,acer Aspire 7 Ryzen 5 Quad Core 3550H - (8 GB/512 GB SSD/Windows 10 Home/4 GB Graphics/NVIDIA GeForce ...,8 GB DDR4 RAM,"₹50,990"
257,ASUS VivoBook 14 Ryzen 5 Hexa Core 4500U - (8 GB/512 GB SSD/Windows 10 Home) M413IA-EK582T Thin and Li...,8 GB DDR4 RAM,"₹52,990"
258,HP 15s Dual Core 3020e - (4 GB/1 TB HDD/Windows 10 Home) 15s-GY0003AU Thin and Light Laptop,4 GB DDR4 RAM,"₹25,990"
259,DELL Inspiron Core i5 11th Gen - (8 GB/512 GB SSD/Windows 10 Home) �INSP 5406 2 in 1 2 in 1 Laptop,8 GB DDR4 RAM,"₹68,240"
260,HP Pavilion x360 Core i3 11th Gen - (8 GB/256 GB SSD/Windows 10 Home) 14-dw1036TU 2 in 1 Laptop,8 GB DDR4 RAM,"₹48,990"
261,Lenovo Ideapad S145 Ryzen 3 Dual Core 3200U - (4 GB/1 TB HDD/Windows 10 Home) S145-15API Thin and Ligh...,4 GB DDR4 RAM,"₹28,990"
262,ASUS Celeron Dual Core - (4 GB/1 TB HDD/Windows 10 Home) X543MA-GQ1015T Laptop,4 GB DDR4 RAM,"₹23,490"
263,APPLE MacBook Air M1 - (8 GB/256 GB SSD/Mac OS Big Sur) MGND3HN/A,8 GB DDR4 RAM,"₹92,900"
264,HP Pentium Quad Core - (8 GB/256 GB SSD/Windows 10 Home) 14s- DQ3018TU Thin and Light Laptop,8 GB DDR4 RAM,"₹31,490"
265,HP 14s Ryzen 3 Quad Core 4300U - (8 GB/512 GB SSD/Windows 10 Home) 14s-fr0016AU Thin and Light Laptop,8 GB DDR4 RAM,"₹39,490"
266,HP 15s Athlon Dual Core - (4 GB/1 TB HDD/Windows 10 Home) 15s-GY0001AU Thin and Light Laptop,4 GB DDR4 RAM,"₹27,499"
267,acer Aspire 7 Ryzen 5 Quad Core 3550H - (8 GB/512 GB SSD/Windows 10 Home/4 GB Graphics/NVIDIA GeForce ...,8 GB DDR4 RAM,"₹49,990"
268,acer Aspire 7 Core i5 9th Gen - (8 GB/512 GB SSD/Windows 10 Home/4 GB Graphics/NVIDIA GeForce GTX 1650...,8 GB DDR4 RAM,"₹53,990"
269,HP 14s Core i3 11th Gen - (8 GB/256 GB SSD/Windows 10 Home) 14s- DY2501TU Thin and Light Laptop,8 GB DDR4 RAM,"₹40,990"
270,HP Pavilion Gaming Ryzen 5 Quad Core 3550H - (8 GB/1 TB HDD/Windows 10 Home/4 GB Graphics/NVIDIA GeFor...,8 GB DDR4 RAM,"₹50,990"
271,HP Ryzen 5 Quad Core - (8 GB/1 TB HDD/Windows 10 Home) 245 G7 Thin and Light Laptop,8 GB DDR4 RAM,"₹39,990"
272,APPLE MacBook Air M1 - (8 GB/256 GB SSD/Mac OS Big Sur) MGN63HN/A,8 GB DDR4 RAM,"₹92,900"
273,Lenovo Ideapad S145 Core i5 10th Gen - (8 GB/1 TB HDD/Windows 10 Home) S145-15IIL Laptop,8 GB DDR4 RAM,"₹42,990"
274,ASUS Pentium Quad Core - (4 GB/1 TB HDD/Windows 10 Home) X543MA-GQ1020T Laptop,4 GB DDR4 RAM,"₹24,990"
275,HP 15s Ryzen 3 Dual Core 3250U - (8 GB/1 TB HDD/256 GB SSD/Windows 10 Home) 15s-GR0012AU Laptop,8 GB DDR4 RAM,"₹41,990"
276,HP Pavilion Core i7 11th Gen - (16 GB/1 TB SSD/Windows 10 Home) 14-dv0058TU Thin and Light Laptop,16 GB DDR4 RAM,"₹84,990"
277,Mi Notebook 14 Core i5 10th Gen - (8 GB/512 GB SSD/Windows 10 Home) JYU4299IN Thin and Light Laptop,8 GB DDR4 RAM,"₹46,999"
278,Lenovo IdeaPad 3 Ryzen 5 Quad Core 3500U - (8 GB/512 GB SSD/Windows 10 Home) 14ADA05 Laptop,8 GB DDR4 RAM,"₹42,990"
279,ASUS Ryzen 3 Dual Core - (4 GB/256 GB SSD/Windows 10 Home) M515DA-BQ312TS Thin and Light Laptop,4 GB DDR4 RAM,"₹32,990"
280,acer Aspire 7 Ryzen 5 Quad Core 3550H - (8 GB/512 GB SSD/Windows 10 Home/4 GB Graphics/NVIDIA GeForce ...,8 GB DDR4 RAM,"₹50,990"
281,Lenovo Ideapad S145 Ryzen 3 Dual Core 3200U - (4 GB/1 TB HDD/Windows 10 Home) S145-15API Thin and Ligh...,4 GB DDR4 RAM,"₹28,990"
282,ASUS VivoBook 14 Ryzen 5 Hexa Core 4500U - (8 GB/512 GB SSD/Windows 10 Home) M413IA-EK582T Thin and Li...,8 GB DDR4 RAM,"₹52,990"
283,HP 15s Dual Core 3020e - (4 GB/1 TB HDD/Windows 10 Home) 15s-GY0003AU Thin and Light Laptop,4 GB DDR4 RAM,"₹25,990"
284,ASUS Celeron Dual Core - (4 GB/1 TB HDD/Windows 10 Home) X543MA-GQ1015T Laptop,4 GB DDR4 RAM,"₹23,490"
285,DELL Inspiron Core i5 11th Gen - (8 GB/512 GB SSD/Windows 10 Home) �INSP 5406 2 in 1 2 in 1 Laptop,8 GB DDR4 RAM,"₹68,240"
286,HP Pavilion x360 Core i3 11th Gen - (8 GB/256 GB SSD/Windows 10 Home) 14-dw1036TU 2 in 1 Laptop,8 GB DDR4 RAM,"₹48,990"
287,APPLE MacBook Air M1 - (8 GB/256 GB SSD/Mac OS Big Sur) MGND3HN/A,8 GB DDR4 RAM,"₹92,900"
288,HP Pentium Quad Core - (8 GB/256 GB SSD/Windows 10 Home) 14s- DQ3018TU Thin and Light Laptop,8 GB DDR4 RAM,"₹31,490"
289,HP 14s Ryzen 3 Quad Core 4300U - (8 GB/512 GB SSD/Windows 10 Home) 14s-fr0016AU Thin and Light Laptop,8 GB DDR4 RAM,"₹39,490"
290,HP 15s Athlon Dual Core - (4 GB/1 TB HDD/Windows 10 Home) 15s-GY0001AU Thin and Light Laptop,4 GB DDR4 RAM,"₹27,499"
291,acer Aspire 7 Ryzen 5 Quad Core 3550H - (8 GB/512 GB SSD/Windows 10 Home/4 GB Graphics/NVIDIA GeForce ...,8 GB DDR4 RAM,"₹49,990"
292,acer Aspire 7 Core i5 9th Gen - (8 GB/512 GB SSD/Windows 10 Home/4 GB Graphics/NVIDIA GeForce GTX 1650...,8 GB DDR4 RAM,"₹53,990"
293,HP 14s Core i3 11th Gen - (8 GB/256 GB SSD/Windows 10 Home) 14s- DY2501TU Thin and Light Laptop,8 GB DDR4 RAM,"₹40,990"
294,HP Pavilion Gaming Ryzen 5 Quad Core 3550H - (8 GB/1 TB HDD/Windows 10 Home/4 GB Graphics/NVIDIA GeFor...,8 GB DDR4 RAM,"₹50,990"
295,HP Ryzen 5 Quad Core - (8 GB/1 TB HDD/Windows 10 Home) 245 G7 Thin and Light Laptop,8 GB DDR4 RAM,"₹39,990"
296,APPLE MacBook Air M1 - (8 GB/256 GB SSD/Mac OS Big Sur) MGN63HN/A,8 GB DDR4 RAM,"₹92,900"
297,Lenovo Ideapad S145 Core i5 10th Gen - (8 GB/1 TB HDD/Windows 10 Home) S145-15IIL Laptop,8 GB DDR4 RAM,"₹42,990"
298,HP 15s Ryzen 3 Dual Core 3250U - (8 GB/1 TB HDD/256 GB SSD/Windows 10 Home) 15s-GR0012AU Laptop,8 GB DDR4 RAM,"₹41,990"
299,Lenovo IdeaPad 3 Ryzen 5 Quad Core 3500U - (8 GB/512 GB SSD/Windows 10 Home) 14ADA05 Laptop,8 GB DDR4 RAM,"₹42,990"
300,HP Pavilion Core i7 11th Gen - (16 GB/1 TB SSD/Windows 10 Home) 14-dv0058TU Thin and Light Laptop,16 GB DDR4 RAM,"₹84,990"
301,Mi Notebook 14 Core i5 10th Gen - (8 GB/512 GB SSD/Windows 10 Home) JYU4299IN Thin and Light Laptop,8 GB DDR4 RAM,"₹46,999"
302,ASUS Ryzen 3 Dual Core - (4 GB/256 GB SSD/Windows 10 Home) M515DA-BQ312TS Thin and Light Laptop,4 GB DDR4 RAM,"₹32,990"
303,acer Aspire 7 Ryzen 5 Quad Core 3550H - (8 GB/512 GB SSD/Windows 10 Home/4 GB Graphics/NVIDIA GeForce ...,8 GB DDR4 RAM,"₹50,990"
304,ASUS VivoBook 14 Ryzen 5 Hexa Core 4500U - (8 GB/512 GB SSD/Windows 10 Home) M413IA-EK582T Thin and Li...,8 GB DDR4 RAM,"₹52,990"
305,HP 15s Dual Core 3020e - (4 GB/1 TB HDD/Windows 10 Home) 15s-GY0003AU Thin and Light Laptop,4 GB DDR4 RAM,"₹25,990"
306,HP Core i3 11th Gen - (8 GB/512 GB SSD/Windows 10 Home) 15s-FR2006TU Thin and Light Laptop,8 GB DDR4 RAM,"₹44,900"
307,APPLE MacBook Air M1 - (8 GB/256 GB SSD/Mac OS Big Sur) MGND3HN/A,8 GB DDR4 RAM,"₹92,900"
308,APPLE MacBook Air M1 - (8 GB/256 GB SSD/Mac OS Big Sur) MGN93HN/A,8 GB DDR4 RAM,"₹92,900"
309,Lenovo Ideapad S145 Ryzen 3 Dual Core 3200U - (4 GB/1 TB HDD/Windows 10 Home) S145-15API Thin and Ligh...,4 GB DDR4 RAM,"₹28,990"
310,ASUS Celeron Dual Core - (4 GB/1 TB HDD/Windows 10 Home) X543MA-GQ1015T Laptop,4 GB DDR4 RAM,"₹23,490"
311,DELL Inspiron Core i5 11th Gen - (8 GB/512 GB SSD/Windows 10 Home) �INSP 5406 2 in 1 2 in 1 Laptop,8 GB DDR4 RAM,"₹68,240"
312,HP Pentium Quad Core - (8 GB/256 GB SSD/Windows 10 Home) 14s- DQ3018TU Thin and Light Laptop,8 GB DDR4 RAM,"₹31,490"
313,HP 14s Ryzen 3 Quad Core 4300U - (8 GB/512 GB SSD/Windows 10 Home) 14s-fr0016AU Thin and Light Laptop,8 GB DDR4 RAM,"₹39,490"
314,HP 15s Athlon Dual Core - (4 GB/1 TB HDD/Windows 10 Home) 15s-GY0001AU Thin and Light Laptop,4 GB DDR4 RAM,"₹27,499"
315,acer Aspire 7 Ryzen 5 Quad Core 3550H - (8 GB/512 GB SSD/Windows 10 Home/4 GB Graphics/NVIDIA GeForce ...,8 GB DDR4 RAM,"₹49,990"
316,acer Aspire 7 Core i5 9th Gen - (8 GB/512 GB SSD/Windows 10 Home/4 GB Graphics/NVIDIA GeForce GTX 1650...,8 GB DDR4 RAM,"₹53,990"
317,HP 14s Core i3 11th Gen - (8 GB/256 GB SSD/Windows 10 Home) 14s- DY2501TU Thin and Light Laptop,8 GB DDR4 RAM,"₹40,990"
318,HP Pavilion Gaming Ryzen 5 Quad Core 3550H - (8 GB/1 TB HDD/Windows 10 Home/4 GB Graphics/NVIDIA GeFor...,8 GB DDR4 RAM,"₹50,990"
319,HP Ryzen 5 Quad Core - (8 GB/1 TB HDD/Windows 10 Home) 245 G7 Thin and Light Laptop,8 GB DDR4 RAM,"₹39,990"
320,APPLE MacBook Air M1 - (8 GB/256 GB SSD/Mac OS Big Sur) MGN63HN/A,8 GB DDR4 RAM,"₹92,900"
321,Lenovo Ideapad S145 Core i5 10th Gen - (8 GB/1 TB HDD/Windows 10 Home) S145-15IIL Laptop,8 GB DDR4 RAM,"₹42,990"
322,HP 15s Ryzen 3 Dual Core 3250U - (8 GB/1 TB HDD/256 GB SSD/Windows 10 Home) 15s-GR0012AU Laptop,8 GB DDR4 RAM,"₹41,990"
323,Lenovo IdeaPad 3 Ryzen 5 Quad Core 3500U - (8 GB/512 GB SSD/Windows 10 Home) 14ADA05 Laptop,8 GB DDR4 RAM,"₹42,990"
324,HP Pavilion Core i7 11th Gen - (16 GB/1 TB SSD/Windows 10 Home) 14-dv0058TU Thin and Light Laptop,16 GB DDR4 RAM,"₹84,990"
325,Mi Notebook 14 Core i5 10th Gen - (8 GB/512 GB SSD/Windows 10 Home) JYU4299IN Thin and Light Laptop,8 GB DDR4 RAM,"₹46,999"
326,ASUS Ryzen 3 Dual Core - (4 GB/256 GB SSD/Windows 10 Home) M515DA-BQ312TS Thin and Light Laptop,4 GB DDR4 RAM,"₹32,990"
327,acer Aspire 7 Ryzen 5 Quad Core 3550H - (8 GB/512 GB SSD/Windows 10 Home/4 GB Graphics/NVIDIA GeForce ...,8 GB DDR4 RAM,"₹50,990"
328,ASUS VivoBook 14 Ryzen 5 Hexa Core 4500U - (8 GB/512 GB SSD/Windows 10 Home) M413IA-EK582T Thin and Li...,8 GB DDR4 RAM,"₹52,990"
329,HP 15s Dual Core 3020e - (4 GB/1 TB HDD/Windows 10 Home) 15s-GY0003AU Thin and Light Laptop,4 GB DDR4 RAM,"₹25,990"
330,HP Core i3 11th Gen - (8 GB/512 GB SSD/Windows 10 Home) 15s-FR2006TU Thin and Light Laptop,8 GB DDR4 RAM,"₹44,900"
331,APPLE MacBook Air M1 - (8 GB/256 GB SSD/Mac OS Big Sur) MGND3HN/A,8 GB DDR4 RAM,"₹92,900"
332,APPLE MacBook Air M1 - (8 GB/256 GB SSD/Mac OS Big Sur) MGN93HN/A,8 GB DDR4 RAM,"₹92,900"
333,Lenovo Ideapad S145 Ryzen 3 Dual Core 3200U - (4 GB/1 TB HDD/Windows 10 Home) S145-15API Thin and Ligh...,4 GB DDR4 RAM,"₹28,990"
334,ASUS Celeron Dual Core - (4 GB/1 TB HDD/Windows 10 Home) X543MA-GQ1015T Laptop,4 GB DDR4 RAM,"₹23,490"
335,DELL Inspiron Core i5 11th Gen - (8 GB/512 GB SSD/Windows 10 Home) �INSP 5406 2 in 1 2 in 1 Laptop,8 GB DDR4 RAM,"₹68,240"
336,HP Pentium Quad Core - (8 GB/256 GB SSD/Windows 10 Home) 14s- DQ3018TU Thin and Light Laptop,8 GB DDR4 RAM,"₹31,490"
337,HP 14s Ryzen 3 Quad Core 4300U - (8 GB/512 GB SSD/Windows 10 Home) 14s-fr0016AU Thin and Light Laptop,8 GB DDR4 RAM,"₹39,490"
338,HP 15s Athlon Dual Core - (4 GB/1 TB HDD/Windows 10 Home) 15s-GY0001AU Thin and Light Laptop,4 GB DDR4 RAM,"₹27,499"
339,acer Aspire 7 Ryzen 5 Quad Core 3550H - (8 GB/512 GB SSD/Windows 10 Home/4 GB Graphics/NVIDIA GeForce ...,8 GB DDR4 RAM,"₹49,990"
340,acer Aspire 7 Core i5 9th Gen - (8 GB/512 GB SSD/Windows 10 Home/4 GB Graphics/NVIDIA GeForce GTX 1650...,8 GB DDR4 RAM,"₹53,990"
341,HP 14s Core i3 11th Gen - (8 GB/256 GB SSD/Windows 10 Home) 14s- DY2501TU Thin and Light Laptop,8 GB DDR4 RAM,"₹40,990"
342,HP Pavilion Gaming Ryzen 5 Quad Core 3550H - (8 GB/1 TB HDD/Windows 10 Home/4 GB Graphics/NVIDIA GeFor...,8 GB DDR4 RAM,"₹50,990"
343,HP Ryzen 5 Quad Core - (8 GB/1 TB HDD/Windows 10 Home) 245 G7 Thin and Light Laptop,8 GB DDR4 RAM,"₹39,990"
344,APPLE MacBook Air M1 - (8 GB/256 GB SSD/Mac OS Big Sur) MGN63HN/A,8 GB DDR4 RAM,"₹92,900"
345,Lenovo Ideapad S145 Core i5 10th Gen - (8 GB/1 TB HDD/Windows 10 Home) S145-15IIL Laptop,8 GB DDR4 RAM,"₹42,990"
346,ASUS Pentium Quad Core - (4 GB/1 TB HDD/Windows 10 Home) X543MA-GQ1020T Laptop,4 GB DDR4 RAM,"₹24,990"
347,HP 15s Ryzen 3 Dual Core 3250U - (8 GB/1 TB HDD/256 GB SSD/Windows 10 Home) 15s-GR0012AU Laptop,8 GB DDR4 RAM,"₹41,990"
348,HP Pavilion Core i7 11th Gen - (16 GB/1 TB SSD/Windows 10 Home) 14-dv0058TU Thin and Light Laptop,16 GB DDR4 RAM,"₹84,990"
349,Mi Notebook 14 Core i5 10th Gen - (8 GB/512 GB SSD/Windows 10 Home) JYU4299IN Thin and Light Laptop,8 GB DDR4 RAM,"₹46,999"
350,Lenovo IdeaPad 3 Ryzen 5 Quad Core 3500U - (8 GB/512 GB SSD/Windows 10 Home) 14ADA05 Laptop,8 GB DDR4 RAM,"₹42,990"
351,ASUS Ryzen 3 Dual Core - (4 GB/256 GB SSD/Windows 10 Home) M515DA-BQ312TS Thin and Light Laptop,4 GB DDR4 RAM,"₹32,990"
352,acer Aspire 7 Ryzen 5 Quad Core 3550H - (8 GB/512 GB SSD/Windows 10 Home/4 GB Graphics/NVIDIA GeForce ...,8 GB DDR4 RAM,"₹50,990"
353,Lenovo Ideapad S145 Ryzen 3 Dual Core 3200U - (4 GB/1 TB HDD/Windows 10 Home) S145-15API Thin and Ligh...,4 GB DDR4 RAM,"₹28,990"
354,ASUS VivoBook 14 Ryzen 5 Hexa Core 4500U - (8 GB/512 GB SSD/Windows 10 Home) M413IA-EK582T Thin and Li...,8 GB DDR4 RAM,"₹52,990"
355,HP 15s Dual Core 3020e - (4 GB/1 TB HDD/Windows 10 Home) 15s-GY0003AU Thin and Light Laptop,4 GB DDR4 RAM,"₹25,990"
356,ASUS Celeron Dual Core - (4 GB/1 TB HDD/Windows 10 Home) X543MA-GQ1015T Laptop,4 GB DDR4 RAM,"₹23,490"
357,DELL Inspiron Core i5 11th Gen - (8 GB/512 GB SSD/Windows 10 Home) �INSP 5406 2 in 1 2 in 1 Laptop,8 GB DDR4 RAM,"₹68,240"
358,HP Pavilion x360 Core i3 11th Gen - (8 GB/256 GB SSD/Windows 10 Home) 14-dw1036TU 2 in 1 Laptop,8 GB DDR4 RAM,"₹48,990"
359,APPLE MacBook Air M1 - (8 GB/256 GB SSD/Mac OS Big Sur) MGND3HN/A,8 GB DDR4 RAM,"₹92,900"
360,HP Pentium Quad Core - (8 GB/256 GB SSD/Windows 10 Home) 14s- DQ3018TU Thin and Light Laptop,8 GB DDR4 RAM,"₹31,490"
361,HP 14s Ryzen 3 Quad Core 4300U - (8 GB/512 GB SSD/Windows 10 Home) 14s-fr0016AU Thin and Light Laptop,8 GB DDR4 RAM,"₹39,490"
362,HP 15s Athlon Dual Core - (4 GB/1 TB HDD/Windows 10 Home) 15s-GY0001AU Thin and Light Laptop,4 GB DDR4 RAM,"₹27,499"
363,acer Aspire 7 Ryzen 5 Quad Core 3550H - (8 GB/512 GB SSD/Windows 10 Home/4 GB Graphics/NVIDIA GeForce ...,8 GB DDR4 RAM,"₹49,990"
364,acer Aspire 7 Core i5 9th Gen - (8 GB/512 GB SSD/Windows 10 Home/4 GB Graphics/NVIDIA GeForce GTX 1650...,8 GB DDR4 RAM,"₹53,990"
365,HP 14s Core i3 11th Gen - (8 GB/256 GB SSD/Windows 10 Home) 14s- DY2501TU Thin and Light Laptop,8 GB DDR4 RAM,"₹40,990"
366,HP Pavilion Gaming Ryzen 5 Quad Core 3550H - (8 GB/1 TB HDD/Windows 10 Home/4 GB Graphics/NVIDIA GeFor...,8 GB DDR4 RAM,"₹50,990"
367,HP Ryzen 5 Quad Core - (8 GB/1 TB HDD/Windows 10 Home) 245 G7 Thin and Light Laptop,8 GB DDR4 RAM,"₹39,990"
368,APPLE MacBook Air M1 - (8 GB/256 GB SSD/Mac OS Big Sur) MGN63HN/A,8 GB DDR4 RAM,"₹92,900"
369,Lenovo Ideapad S145 Core i5 10th Gen - (8 GB/1 TB HDD/Windows 10 Home) S145-15IIL Laptop,8 GB DDR4 RAM,"₹42,990"
370,HP 15s Ryzen 3 Dual Core 3250U - (8 GB/1 TB HDD/256 GB SSD/Windows 10 Home) 15s-GR0012AU Laptop,8 GB DDR4 RAM,"₹41,990"
371,Lenovo IdeaPad 3 Ryzen 5 Quad Core 3500U - (8 GB/512 GB SSD/Windows 10 Home) 14ADA05 Laptop,8 GB DDR4 RAM,"₹42,990"
372,HP Pavilion Core i7 11th Gen - (16 GB/1 TB SSD/Windows 10 Home) 14-dv0058TU Thin and Light Laptop,16 GB DDR4 RAM,"₹84,990"
373,Mi Notebook 14 Core i5 10th Gen - (8 GB/512 GB SSD/Windows 10 Home) JYU4299IN Thin and Light Laptop,8 GB DDR4 RAM,"₹46,999"
374,ASUS Ryzen 3 Dual Core - (4 GB/256 GB SSD/Windows 10 Home) M515DA-BQ312TS Thin and Light Laptop,4 GB DDR4 RAM,"₹32,990"
375,acer Aspire 7 Ryzen 5 Quad Core 3550H - (8 GB/512 GB SSD/Windows 10 Home/4 GB Graphics/NVIDIA GeForce ...,8 GB DDR4 RAM,"₹50,990"
376,ASUS VivoBook 14 Ryzen 5 Hexa Core 4500U - (8 GB/512 GB SSD/Windows 10 Home) M413IA-EK582T Thin and Li...,8 GB DDR4 RAM,"₹52,990"
377,HP 15s Dual Core 3020e - (4 GB/1 TB HDD/Windows 10 Home) 15s-GY0003AU Thin and Light Laptop,4 GB DDR4 RAM,"₹25,990"
378,HP Core i3 11th Gen - (8 GB/512 GB SSD/Windows 10 Home) 15s-FR2006TU Thin and Light Laptop,8 GB DDR4 RAM,"₹44,900"
379,APPLE MacBook Air M1 - (8 GB/256 GB SSD/Mac OS Big Sur) MGND3HN/A,8 GB DDR4 RAM,"₹92,900"
380,APPLE MacBook Air M1 - (8 GB/256 GB SSD/Mac OS Big Sur) MGN93HN/A,8 GB DDR4 RAM,"₹92,900"
381,Lenovo Ideapad S145 Ryzen 3 Dual Core 3200U - (4 GB/1 TB HDD/Windows 10 Home) S145-15API Thin and Ligh...,4 GB DDR4 RAM,"₹28,990"
382,ASUS Celeron Dual Core - (4 GB/1 TB HDD/Windows 10 Home) X543MA-GQ1015T Laptop,4 GB DDR4 RAM,"₹23,490"
383,DELL Inspiron Core i5 11th Gen - (8 GB/512 GB SSD/Windows 10 Home) �INSP 5406 2 in 1 2 in 1 Laptop,8 GB DDR4 RAM,"₹68,240"
384,HP Pentium Quad Core - (8 GB/256 GB SSD/Windows 10 Home) 14s- DQ3018TU Thin and Light Laptop,8 GB DDR4 RAM,"₹31,490"
385,HP 14s Ryzen 3 Quad Core 4300U - (8 GB/512 GB SSD/Windows 10 Home) 14s-fr0016AU Thin and Light Laptop,8 GB DDR4 RAM,"₹39,490"
386,HP 15s Athlon Dual Core - (4 GB/1 TB HDD/Windows 10 Home) 15s-GY0001AU Thin and Light Laptop,4 GB DDR4 RAM,"₹27,499"
387,acer Aspire 7 Ryzen 5 Quad Core 3550H - (8 GB/512 GB SSD/Windows 10 Home/4 GB Graphics/NVIDIA GeForce ...,8 GB DDR4 RAM,"₹49,990"
388,acer Aspire 7 Core i5 9th Gen - (8 GB/512 GB SSD/Windows 10 Home/4 GB Graphics/NVIDIA GeForce GTX 1650...,8 GB DDR4 RAM,"₹53,990"
389,HP 14s Core i3 11th Gen - (8 GB/256 GB SSD/Windows 10 Home) 14s- DY2501TU Thin and Light Laptop,8 GB DDR4 RAM,"₹40,990"
390,HP Pavilion Gaming Ryzen 5 Quad Core 3550H - (8 GB/1 TB HDD/Windows 10 Home/4 GB Graphics/NVIDIA GeFor...,8 GB DDR4 RAM,"₹50,990"
391,HP Ryzen 5 Quad Core - (8 GB/1 TB HDD/Windows 10 Home) 245 G7 Thin and Light Laptop,8 GB DDR4 RAM,"₹39,990"
392,APPLE MacBook Air M1 - (8 GB/256 GB SSD/Mac OS Big Sur) MGN63HN/A,8 GB DDR4 RAM,"₹92,900"
393,Lenovo Ideapad S145 Core i5 10th Gen - (8 GB/1 TB HDD/Windows 10 Home) S145-15IIL Laptop,8 GB DDR4 RAM,"₹42,990"
394,HP 15s Ryzen 3 Dual Core 3250U - (8 GB/1 TB HDD/256 GB SSD/Windows 10 Home) 15s-GR0012AU Laptop,8 GB DDR4 RAM,"₹41,990"
395,Lenovo IdeaPad 3 Ryzen 5 Quad Core 3500U - (8 GB/512 GB SSD/Windows 10 Home) 14ADA05 Laptop,8 GB DDR4 RAM,"₹42,990"
396,HP Pavilion Core i7 11th Gen - (16 GB/1 TB SSD/Windows 10 Home) 14-dv0058TU Thin and Light Laptop,16 GB DDR4 RAM,"₹84,990"
397,Mi Notebook 14 Core i5 10th Gen - (8 GB/512 GB SSD/Windows 10 Home) JYU4299IN Thin and Light Laptop,8 GB DDR4 RAM,"₹46,999"
398,ASUS Ryzen 3 Dual Core - (4 GB/256 GB SSD/Windows 10 Home) M515DA-BQ312TS Thin and Light Laptop,4 GB DDR4 RAM,"₹32,990"
399,acer Aspire 7 Ryzen 5 Quad Core 3550H - (8 GB/512 GB SSD/Windows 10 Home/4 GB Graphics/NVIDIA GeForce ...,8 GB DDR4 RAM,"₹50,990"
400,ASUS VivoBook 14 Ryzen 5 Hexa Core 4500U - (8 GB/512 GB SSD/Windows 10 Home) M413IA-EK582T Thin and Li...,8 GB DDR4 RAM,"₹52,990"
401,HP 15s Dual Core 3020e - (4 GB/1 TB HDD/Windows 10 Home) 15s-GY0003AU Thin and Light Laptop,4 GB DDR4 RAM,"₹25,990"
402,HP Core i3 11th Gen - (8 GB/512 GB SSD/Windows 10 Home) 15s-FR2006TU Thin and Light Laptop,8 GB DDR4 RAM,"₹44,900"
403,APPLE MacBook Air M1 - (8 GB/256 GB SSD/Mac OS Big Sur) MGND3HN/A,8 GB DDR4 RAM,"₹92,900"
404,APPLE MacBook Air M1 - (8 GB/256 GB SSD/Mac OS Big Sur) MGN93HN/A,8 GB DDR4 RAM,"₹92,900"
405,Lenovo Ideapad S145 Ryzen 3 Dual Core 3200U - (4 GB/1 TB HDD/Windows 10 Home) S145-15API Thin and Ligh...,4 GB DDR4 RAM,"₹28,990"
406,ASUS Celeron Dual Core - (4 GB/1 TB HDD/Windows 10 Home) X543MA-GQ1015T Laptop,4 GB DDR4 RAM,"₹23,490"
407,DELL Inspiron Core i5 11th Gen - (8 GB/512 GB SSD/Windows 10 Home) �INSP 5406 2 in 1 2 in 1 Laptop,8 GB DDR4 RAM,"₹68,240"
408,HP Pentium Quad Core - (8 GB/256 GB SSD/Windows 10 Home) 14s- DQ3018TU Thin and Light Laptop,8 GB DDR4 RAM,"₹31,490"
409,HP 14s Ryzen 3 Quad Core 4300U - (8 GB/512 GB SSD/Windows 10 Home) 14s-fr0016AU Thin and Light Laptop,8 GB DDR4 RAM,"₹39,490"
410,HP 15s Athlon Dual Core - (4 GB/1 TB HDD/Windows 10 Home) 15s-GY0001AU Thin and Light Laptop,4 GB DDR4 RAM,"₹27,499"
411,acer Aspire 7 Ryzen 5 Quad Core 3550H - (8 GB/512 GB SSD/Windows 10 Home/4 GB Graphics/NVIDIA GeForce ...,8 GB DDR4 RAM,"₹49,990"
412,acer Aspire 7 Core i5 9th Gen - (8 GB/512 GB SSD/Windows 10 Home/4 GB Graphics/NVIDIA GeForce GTX 1650...,8 GB DDR4 RAM,"₹53,990"
413,HP 14s Core i3 11th Gen - (8 GB/256 GB SSD/Windows 10 Home) 14s- DY2501TU Thin and Light Laptop,8 GB DDR4 RAM,"₹40,990"
414,HP Pavilion Gaming Ryzen 5 Quad Core 3550H - (8 GB/1 TB HDD/Windows 10 Home/4 GB Graphics/NVIDIA GeFor...,8 GB DDR4 RAM,"₹50,990"
415,HP Ryzen 5 Quad Core - (8 GB/1 TB HDD/Windows 10 Home) 245 G7 Thin and Light Laptop,8 GB DDR4 RAM,"₹39,990"
416,APPLE MacBook Air M1 - (8 GB/256 GB SSD/Mac OS Big Sur) MGN63HN/A,8 GB DDR4 RAM,"₹92,900"
417,Lenovo Ideapad S145 Core i5 10th Gen - (8 GB/1 TB HDD/Windows 10 Home) S145-15IIL Laptop,8 GB DDR4 RAM,"₹42,990"
418,HP 15s Ryzen 3 Dual Core 3250U - (8 GB/1 TB HDD/256 GB SSD/Windows 10 Home) 15s-GR0012AU Laptop,8 GB DDR4 RAM,"₹41,990"
419,Lenovo IdeaPad 3 Ryzen 5 Quad Core 3500U - (8 GB/512 GB SSD/Windows 10 Home) 14ADA05 Laptop,8 GB DDR4 RAM,"₹42,990"
420,HP Pavilion Core i7 11th Gen - (16 GB/1 TB SSD/Windows 10 Home) 14-dv0058TU Thin and Light Laptop,16 GB DDR4 RAM,"₹84,990"
421,Mi Notebook 14 Core i5 10th Gen - (8 GB/512 GB SSD/Windows 10 Home) JYU4299IN Thin and Light Laptop,8 GB DDR4 RAM,"₹46,999"
422,ASUS Ryzen 3 Dual Core - (4 GB/256 GB SSD/Windows 10 Home) M515DA-BQ312TS Thin and Light Laptop,4 GB DDR4 RAM,"₹32,990"
423,acer Aspire 7 Ryzen 5 Quad Core 3550H - (8 GB/512 GB SSD/Windows 10 Home/4 GB Graphics/NVIDIA GeForce ...,8 GB DDR4 RAM,"₹50,990"
424,ASUS VivoBook 14 Ryzen 5 Hexa Core 4500U - (8 GB/512 GB SSD/Windows 10 Home) M413IA-EK582T Thin and Li...,8 GB DDR4 RAM,"₹52,990"
425,HP 15s Dual Core 3020e - (4 GB/1 TB HDD/Windows 10 Home) 15s-GY0003AU Thin and Light Laptop,4 GB DDR4 RAM,"₹25,990"
426,HP Core i3 11th Gen - (8 GB/512 GB SSD/Windows 10 Home) 15s-FR2006TU Thin and Light Laptop,8 GB DDR4 RAM,"₹44,900"
427,APPLE MacBook Air M1 - (8 GB/256 GB SSD/Mac OS Big Sur) MGND3HN/A,8 GB DDR4 RAM,"₹92,900"
428,APPLE MacBook Air M1 - (8 GB/256 GB SSD/Mac OS Big Sur) MGN93HN/A,8 GB DDR4 RAM,"₹92,900"
429,Lenovo Ideapad S145 Ryzen 3 Dual Core 3200U - (4 GB/1 TB HDD/Windows 10 Home) S145-15API Thin and Ligh...,4 GB DDR4 RAM,"₹28,990"
430,ASUS Celeron Dual Core - (4 GB/1 TB HDD/Windows 10 Home) X543MA-GQ1015T Laptop,4 GB DDR4 RAM,"₹23,490"
431,DELL Inspiron Core i5 11th Gen - (8 GB/512 GB SSD/Windows 10 Home) �INSP 5406 2 in 1 2 in 1 Laptop,8 GB DDR4 RAM,"₹68,240"
432,HP Pentium Quad Core - (8 GB/256 GB SSD/Windows 10 Home) 14s- DQ3018TU Thin and Light Laptop,8 GB DDR4 RAM,"₹31,490"
433,HP 14s Ryzen 3 Quad Core 4300U - (8 GB/512 GB SSD/Windows 10 Home) 14s-fr0016AU Thin and Light Laptop,8 GB DDR4 RAM,"₹39,490"
434,HP 15s Athlon Dual Core - (4 GB/1 TB HDD/Windows 10 Home) 15s-GY0001AU Thin and Light Laptop,4 GB DDR4 RAM,"₹27,499"
435,acer Aspire 7 Ryzen 5 Quad Core 3550H - (8 GB/512 GB SSD/Windows 10 Home/4 GB Graphics/NVIDIA GeForce ...,8 GB DDR4 RAM,"₹49,990"
436,acer Aspire 7 Core i5 9th Gen - (8 GB/512 GB SSD/Windows 10 Home/4 GB Graphics/NVIDIA GeForce GTX 1650...,8 GB DDR4 RAM,"₹53,990"
437,HP 14s Core i3 11th Gen - (8 GB/256 GB SSD/Windows 10 Home) 14s- DY2501TU Thin and Light Laptop,8 GB DDR4 RAM,"₹40,990"
438,HP Pavilion Gaming Ryzen 5 Quad Core 3550H - (8 GB/1 TB HDD/Windows 10 Home/4 GB Graphics/NVIDIA GeFor...,8 GB DDR4 RAM,"₹50,990"
439,HP Ryzen 5 Quad Core - (8 GB/1 TB HDD/Windows 10 Home) 245 G7 Thin and Light Laptop,8 GB DDR4 RAM,"₹39,990"
440,APPLE MacBook Air M1 - (8 GB/256 GB SSD/Mac OS Big Sur) MGN63HN/A,8 GB DDR4 RAM,"₹92,900"
441,Lenovo Ideapad S145 Core i5 10th Gen - (8 GB/1 TB HDD/Windows 10 Home) S145-15IIL Laptop,8 GB DDR4 RAM,"₹42,990"
442,HP 15s Ryzen 3 Dual Core 3250U - (8 GB/1 TB HDD/256 GB SSD/Windows 10 Home) 15s-GR0012AU Laptop,8 GB DDR4 RAM,"₹41,990"
443,Lenovo IdeaPad 3 Ryzen 5 Quad Core 3500U - (8 GB/512 GB SSD/Windows 10 Home) 14ADA05 Laptop,8 GB DDR4 RAM,"₹42,990"
444,HP Pavilion Core i7 11th Gen - (16 GB/1 TB SSD/Windows 10 Home) 14-dv0058TU Thin and Light Laptop,16 GB DDR4 RAM,"₹84,990"
445,Mi Notebook 14 Core i5 10th Gen - (8 GB/512 GB SSD/Windows 10 Home) JYU4299IN Thin and Light Laptop,8 GB DDR4 RAM,"₹46,999"
446,ASUS Ryzen 3 Dual Core - (4 GB/256 GB SSD/Windows 10 Home) M515DA-BQ312TS Thin and Light Laptop,4 GB DDR4 RAM,"₹32,990"
447,acer Aspire 7 Ryzen 5 Quad Core 3550H - (8 GB/512 GB SSD/Windows 10 Home/4 GB Graphics/NVIDIA GeForce ...,8 GB DDR4 RAM,"₹50,990"
448,ASUS VivoBook 14 Ryzen 5 Hexa Core 4500U - (8 GB/512 GB SSD/Windows 10 Home) M413IA-EK582T Thin and Li...,8 GB DDR4 RAM,"₹52,990"
449,HP 15s Dual Core 3020e - (4 GB/1 TB HDD/Windows 10 Home) 15s-GY0003AU Thin and Light Laptop,4 GB DDR4 RAM,"₹25,990"
450,HP Core i3 11th Gen - (8 GB/512 GB SSD/Windows 10 Home) 15s-FR2006TU Thin and Light Laptop,8 GB DDR4 RAM,"₹44,900"
451,APPLE MacBook Air M1 - (8 GB/256 GB SSD/Mac OS Big Sur) MGND3HN/A,8 GB DDR4 RAM,"₹92,900"
452,APPLE MacBook Air M1 - (8 GB/256 GB SSD/Mac OS Big Sur) MGN93HN/A,8 GB DDR4 RAM,"₹92,900"
453,Lenovo Ideapad S145 Ryzen 3 Dual Core 3200U - (4 GB/1 TB HDD/Windows 10 Home) S145-15API Thin and Ligh...,4 GB DDR4 RAM,"₹28,990"
454,ASUS Celeron Dual Core - (4 GB/1 TB HDD/Windows 10 Home) X543MA-GQ1015T Laptop,4 GB DDR4 RAM,"₹23,490"
455,DELL Inspiron Core i5 11th Gen - (8 GB/512 GB SSD/Windows 10 Home) �INSP 5406 2 in 1 2 in 1 Laptop,8 GB DDR4 RAM,"₹68,240"
456,HP Pentium Quad Core - (8 GB/256 GB SSD/Windows 10 Home) 14s- DQ3018TU Thin and Light Laptop,8 GB DDR4 RAM,"₹31,490"
457,HP 14s Ryzen 3 Quad Core 4300U - (8 GB/512 GB SSD/Windows 10 Home) 14s-fr0016AU Thin and Light Laptop,8 GB DDR4 RAM,"₹39,490"
458,HP 15s Athlon Dual Core - (4 GB/1 TB HDD/Windows 10 Home) 15s-GY0001AU Thin and Light Laptop,4 GB DDR4 RAM,"₹27,499"
459,acer Aspire 7 Ryzen 5 Quad Core 3550H - (8 GB/512 GB SSD/Windows 10 Home/4 GB Graphics/NVIDIA GeForce ...,8 GB DDR4 RAM,"₹49,990"
460,acer Aspire 7 Core i5 9th Gen - (8 GB/512 GB SSD/Windows 10 Home/4 GB Graphics/NVIDIA GeForce GTX 1650...,8 GB DDR4 RAM,"₹53,990"
461,HP 14s Core i3 11th Gen - (8 GB/256 GB SSD/Windows 10 Home) 14s- DY2501TU Thin and Light Laptop,8 GB DDR4 RAM,"₹40,990"
462,HP Pavilion Gaming Ryzen 5 Quad Core 3550H - (8 GB/1 TB HDD/Windows 10 Home/4 GB Graphics/NVIDIA GeFor...,8 GB DDR4 RAM,"₹50,990"
463,HP Ryzen 5 Quad Core - (8 GB/1 TB HDD/Windows 10 Home) 245 G7 Thin and Light Laptop,8 GB DDR4 RAM,"₹39,990"
464,APPLE MacBook Air M1 - (8 GB/256 GB SSD/Mac OS Big Sur) MGN63HN/A,8 GB DDR4 RAM,"₹92,900"
465,Lenovo Ideapad S145 Core i5 10th Gen - (8 GB/1 TB HDD/Windows 10 Home) S145-15IIL Laptop,8 GB DDR4 RAM,"₹42,990"
466,HP 15s Ryzen 3 Dual Core 3250U - (8 GB/1 TB HDD/256 GB SSD/Windows 10 Home) 15s-GR0012AU Laptop,8 GB DDR4 RAM,"₹41,990"
467,Lenovo IdeaPad 3 Ryzen 5 Quad Core 3500U - (8 GB/512 GB SSD/Windows 10 Home) 14ADA05 Laptop,8 GB DDR4 RAM,"₹42,990"
468,HP Pavilion Core i7 11th Gen - (16 GB/1 TB SSD/Windows 10 Home) 14-dv0058TU Thin and Light Laptop,16 GB DDR4 RAM,"₹84,990"
469,Mi Notebook 14 Core i5 10th Gen - (8 GB/512 GB SSD/Windows 10 Home) JYU4299IN Thin and Light Laptop,8 GB DDR4 RAM,"₹46,999"
470,ASUS Ryzen 3 Dual Core - (4 GB/256 GB SSD/Windows 10 Home) M515DA-BQ312TS Thin and Light Laptop,4 GB DDR4 RAM,"₹32,990"
471,acer Aspire 7 Ryzen 5 Quad Core 3550H - (8 GB/512 GB SSD/Windows 10 Home/4 GB Graphics/NVIDIA GeForce ...,8 GB DDR4 RAM,"₹50,990"
472,ASUS VivoBook 14 Ryzen 5 Hexa Core 4500U - (8 GB/512 GB SSD/Windows 10 Home) M413IA-EK582T Thin and Li...,8 GB DDR4 RAM,"₹52,990"
473,HP 15s Dual Core 3020e - (4 GB/1 TB HDD/Windows 10 Home) 15s-GY0003AU Thin and Light Laptop,4 GB DDR4 RAM,"₹25,990"
474,HP Core i3 11th Gen - (8 GB/512 GB SSD/Windows 10 Home) 15s-FR2006TU Thin and Light Laptop,8 GB DDR4 RAM,"₹44,900"
475,APPLE MacBook Air M1 - (8 GB/256 GB SSD/Mac OS Big Sur) MGND3HN/A,8 GB DDR4 RAM,"₹92,900"
476,APPLE MacBook Air M1 - (8 GB/256 GB SSD/Mac OS Big Sur) MGN93HN/A,8 GB DDR4 RAM,"₹92,900"
477,Lenovo Ideapad S145 Ryzen 3 Dual Core 3200U - (4 GB/1 TB HDD/Windows 10 Home) S145-15API Thin and Ligh...,4 GB DDR4 RAM,"₹28,990"
478,ASUS Celeron Dual Core - (4 GB/1 TB HDD/Windows 10 Home) X543MA-GQ1015T Laptop,4 GB DDR4 RAM,"₹23,490"
479,DELL Inspiron Core i5 11th Gen - (8 GB/512 GB SSD/Windows 10 Home) �INSP 5406 2 in 1 2 in 1 Laptop,8 GB DDR4 RAM,"₹68,240"
